direct,indirect,issuer_cik,issuer_name,isDirector,isOfficer,isTenPercentOwner,isOther,date,name,accession,officerTitle,predicted_gender,total_stock
,,1552275,susser petroleum partners lp,1,0,0.0,0.0,20120926,jones rob l.,110465912065635,,male,
,,1552275,susser petroleum partners lp,0,1,0.0,0.0,20120926,sullivan mary e,110465912065636,"EVP, CFO & Treasurer",female,
,,1552275,susser petroleum partners lp,1,0,0.0,0.0,20120926,smith bryan f jr,110465912065626,,male,
,,1552275,susser petroleum partners lp,0,1,0.0,0.0,20120926,dewbre rocky,110465912065634,President & COO,male,
,,1552275,susser petroleum partners lp,1,1,0.0,0.0,20120926,susser sam l,110465912065632,CEO and Chairman of the Board,male,
,,1552275,susser petroleum partners lp,1,0,0.0,0.0,20120926,susser sam j,110465912065631,,male,
,,1552275,susser petroleum partners lp,1,0,0.0,0.0,20120926,engel david p,110465912065633,,male,
,,1552275,susser petroleum partners lp,0,1,0.0,0.0,20120926,bonner e v jr,110465912065628,"EVP, Sec and General Counsel",male,
,,1552275,susser petroleum partners lp,0,0,1.0,1.0,20120926,susser holdings corp,110465912065627,,male,
,,1552275,susser petroleum partners lp,1,0,0.0,0.0,20120926,shapiro armand s,110465912065629,,male,
,,1552275,susser petroleum partners lp,1,0,0,0,20130305,smith bryan f jr,114036113010844,,male,
,,1552275,susser petroleum partners lp,1,1,0,0,20130305,susser sam l,114036113010842,CEO & Chariman of the Board,male,
,,1552275,susser petroleum partners lp,1,0,0,0,20130305,jones rob l.,114036113010843,,male,
,,1552275,susser petroleum partners lp,0,0,1.0,0.0,20130909,stripes llc,110465913068809,,male,
,,1552275,susser petroleum partners lp,0,0,1.0,1.0,20130909,susser holdings corp,110465913068810,,male,
,,1552275,susser petroleum partners lp,1,0,0.0,0.0,20130912,risch frank a,110465913069613,,male,
,,1552275,susser petroleum partners lp,1,0,0,0,20140303,risch frank a,155227514000012,,male,
,,1552275,susser petroleum partners lp,1,0,0,0,20140303,smith bryan f jr,155227514000013,,male,
,,1552275,susser petroleum partners lp,1,0,0,0,20140303,jones rob l.,155227514000014,,male,
,,1552275,susser petroleum partners lp,0,0,1,0.0,20141003,"energy transfer partners, l.p.",118143114033626,,male,
,,1552275,sunoco lp,0,1,0,0,20141112,sullivan mary e,155227514000061,"EVP, CFO & Treasurer",female,
,,1552275,sunoco lp,1,1,0,0,20141112,owens robert w,120919114068271,President and CEO,male,
,,1552275,sunoco lp,1,0,0,0,20141112,ramsey matthew s.,120919114068273,,male,
,,1552275,sunoco lp,1,0,0,0,20141112,brannon richard d,120919114068270,,male,
,,1552275,sunoco lp,1,0,0,0,20141112,turner k rick,120919114068277,,male,
,,1552275,sunoco lp,1,0,0,0,20141112,susser sam l,120919114068275,,male,
,,1552275,sunoco lp,0,1,0,0,20141112,dewbre rocky,155227514000060,President & COO,male,
,,1552275,sunoco lp,1,0,0,0,20141112,williams william presley,120919114068279,,male,
,,1552275,sunoco lp,1,0,0,0.0,20141203,curia christopher,118143114037773,,male,
,,1552275,sunoco lp,1,0,0,0.0,20150106,susser sam l,118143115000534,,male,
,,1552275,sunoco lp,1,0,0,0.0,20150106,ramsey matthew s.,118143115000533,,male,
,,1552275,sunoco lp,1,0,0,0.0,20150106,turner k rick,118143115000532,,male,
,,1552275,sunoco lp,1,0,0,0.0,20150106,brannon richard d,118143115000531,,male,
,,1552275,sunoco lp,1,1,0,0.0,20150128,owens robert w,118143115001550,President and CEO,male,
,,1552275,sunoco lp,1,0,0,0.0,20150513,bryant james w,118143115006873,,male,
,,1552275,sunoco lp,1,0,0,0.0,20150513,brannon richard d,118143115006872,,male,
,,1552275,sunoco lp,1,1,0,0,20150610,owens robert w,120919115051763,President and CEO,male,
,,1552275,sunoco lp,0,0,1,0,20150804,"energy transfer partners, l.p.",120919115063884,,male,
,,1552275,sunoco lp,0,0,1,0,20150804,"energy transfer partners, l.p.",120919115063884,,male,
,,1552275,sunoco lp,0,0,1,1,20150810,susser holdings corp,120919115064817,,male,
,,1552275,sunoco lp,0,0,1,0,20150810,stripes llc,120919115064818,,male,
,,1552275,sunoco lp,0,0,1,0,20150810,stripes no. 1009 llc,120919115064819,,male,
,,1552275,sunoco lp,0,0,1,0,20150810,stripes no. 1009 llc,120919115064819,,male,
,,1552275,sunoco lp,0,0,1,0,20150810,stripes llc,120919115064818,,male,
,,1552275,sunoco lp,0,0,1,1,20150810,susser holdings corp,120919115064817,,male,
,,1552275,sunoco lp,1,0,0,0,20150819,turner k rick,120919115066970,,male,
,,1552275,sunoco lp,1,0,0,0,20150819,turner k rick,120919115066970,,male,
,,1552275,sunoco lp,0,0,1,1,20150821,"energy transfer partners, l.p.",120919115067259,,male,
,,1552275,sunoco lp,0,0,1,1,20150821,"energy transfer partners, l.p.",120919115067259,,male,
,,1552275,sunoco lp,0,1,0,0,20150911,mckinley leta,120919115070276,VP & Controller,female,
,,1552275,sunoco lp,0,1,0,0,20150911,mckinley leta,120919115070276,VP & Controller,female,
,,1552275,sunoco lp,0,1,0,0,20150929,mckinley leta,120919115072393,VP & Controller,female,
,,1552275,sunoco lp,0,1,0,0,20150929,mckinley leta,120919115072393,VP & Controller,female,
,,1552275,sunoco lp,0,0,1,0,20151202,"energy transfer partners, l.p.",120919115082990,,male,
,,1552275,sunoco lp,1,1,0,0,20151217,curia christopher,120919115085894,EVP - Human Resources,male,
,,1552275,sunoco lp,0,1,0,0,20151217,heinemann blake,120919115085898,EVP-Operations East,male,
,,1552275,sunoco lp,0,1,0,0,20151217,mckinley leta,120919115085901,"VP, Controller & CAO",female,
,,1552275,sunoco lp,0,1,0,0,20151217,williams brad,120919115085903,EVP-Operations West,male,
,,1552275,sunoco lp,1,1,0,0,20151217,owens robert w,120919115085904,President and CEO,male,
,,1552275,sunoco lp,0,1,0,0,20151217,archer cynthia a,120919115085891,EVP and CMO,female,
,,1552275,sunoco lp,1,0,0,0,20160106,bryant james w,120919116090122,,male,
,,1552275,sunoco lp,1,0,0,0,20160106,turner k rick,120919116090124,,male,
,,1552275,sunoco lp,1,0,0,0,20160106,brannon richard d,120919116090121,,male,
,,1552275,sunoco lp,0,0,1,0,20160404,"energy transfer partners, l.p.",120919116112313,,male,
,,1552275,sunoco lp,1,0,0,0,20160411,smith w brett,120919116113856,,male,
,,1552275,sunoco lp,0,1,0,0,20160527,miller thomas r,120919116124077,CFO,male,
,,1552275,sunoco lp,0,1,0,0,20170103,mckinley leta,120919117000157,"VP, Controller & CAO",female,
,,1552275,sunoco lp,1,0,0,0,20170103,long thomas e,120919117000156,,male,
,,1552275,sunoco lp,0,1,0,0,20170103,kim joseph,120919117000155,EVP-Chief Development Officer,male,
,,1552275,sunoco lp,0,1,0,0,20170103,archer cynthia a,120919117000145,EVP and CMO,female,
,,1552275,sunoco lp,0,1,0,0,20170103,foster boyd e,120919117000152,EVP-Mnfg & Distribution,male,
,,1552275,sunoco lp,0,1,0,0,20170103,dodderer arnold,120919117000148,General Counsel,male,
,,1552275,sunoco lp,1,1,0,0,20170103,curia christopher,120919117000147,EVP - Human Resources,male,
,,1552275,sunoco lp,0,1,0,0,20170103,heinemann blake,120919117000153,EVP-Operations East,male,
,,1552275,sunoco lp,1,1,0,0,20170103,owens robert w,120919117000162,President and CEO,male,
,,1552275,sunoco lp,0,1,0,0,20170103,miller thomas r,120919117000159,CFO,male,
,,1552275,sunoco lp,0,1,0,0,20170103,williams brad,120919117000163,EVP-Operations West,male,
,,1552275,sunoco lp,1,0,0,0,20170105,bryant james w,120919117001837,,male,
,,1552275,sunoco lp,1,0,0,0,20170105,turner k rick,120919117001841,,male,
,,1552275,sunoco lp,1,0,0,0,20170105,smith w brett,120919117001839,,male,
,,1552275,sunoco lp,0,1,0,0,20171207,dodderer arnold,120919117064422,GC & Asst. Sec.,male,
,,1552275,sunoco lp,0,1,0,0,20171207,archer cynthia a,120919117064426,EVP and CMO,female,
,,1552275,sunoco lp,0,1,0,0,20171207,fails karl r,120919117064429,"EVP, Supply & Trading",male,
,,1552275,sunoco lp,0,1,0,0,20171207,foster boyd e,120919117064433,EVP-Mnfg & Distribution,male,
,,1552275,sunoco lp,0,1,0,0,20171207,heinemann blake,120919117064436,EVP-Operations East,male,
,,1552275,sunoco lp,0,1,0,0,20171207,kim joseph,120919117064442,President & COO,male,
,,1552275,sunoco lp,0,1,0,0,20171207,mckinley leta,120919117064447,"VP, Controller & PAO",female,
,,1552275,sunoco lp,0,1,0,0,20171207,williams brad,120919117064451,EVP-Operations West,male,
,,1552275,sunoco lp,1,1,0,0,20171207,owens robert w,120919117064456,CEO,male,
,,1552275,sunoco lp,1,0,0,0,20171207,ramsey matthew s.,120919117064462,,male,
,,1552275,sunoco lp,0,1,0,0,20171219,dodderer arnold,120919117066259,GC & Asst. Sec.,male,
,,1552275,sunoco lp,0,1,0,0,20171222,heinemann blake,120919117066959,EVP-Operations East,male,
,,1552275,sunoco lp,0,1,0,0,20171222,mckinley leta,120919117066961,"VP, Controller & PAO",female,
,,1552275,sunoco lp,1,1,0,0,20171222,curia christopher,120919117066953,EVP - Human Resources,male,
,,1552275,sunoco lp,1,0,0,0,20171222,long thomas e,120919117066954,,male,
,,1552275,sunoco lp,0,1,0,0,20171222,kim joseph,120919117066955,President & COO,male,
,,1552275,sunoco lp,0,1,0,0,20171222,miller thomas r,120919117066956,CFO,male,
,,1552275,sunoco lp,0,1,0,0,20171222,dodderer arnold,120919117066960,GC & Asst. Sec.,male,
,,1552275,sunoco lp,0,1,0,0,20171222,fails karl r,120919117066957,"EVP, Supply & Trading",male,
,,1552275,sunoco lp,1,0,0,0,20180104,turner k rick,120919118002033,,male,
,,1552275,sunoco lp,1,0,0,0,20180104,smith w brett,120919118002041,,male,
,,1552275,sunoco lp,1,0,0,0,20180104,bryant james w,120919118002045,,male,
,,1552275,sunoco lp,1,0,0,0,20180205,ramsey matthew s.,120919118007504,,male,
,,1552275,sunoco lp,1,0,0,0,20180306,anbouba imad k.,120919118017378,,male,
,,1552275,sunoco lp,1,0,0,0,20180306,alvarez oscar a.,120919118017379,,male,
,,1552275,sunoco lp,0,1,0,0,20181207,dodderer arnold,120919118061583,GC & Asst. Sec.,male,
,,1552275,sunoco lp,0,1,0,0,20181207,fails karl r,120919118061586,"SVP, Chief Commercial Officer",male,
,,1552275,sunoco lp,0,1,0,0,20181207,hand brian a,120919118061588,SVP-Chief Dev. & Mktg. Officer,male,
,,1552275,sunoco lp,0,1,0,0,20181207,heinemann blake,120919118061590,"SVP, Chief Sales Officer",male,
,,1552275,sunoco lp,0,1,0,0,20181207,kim joseph,120919118061592,President & CEO,male,
,,1552275,sunoco lp,0,1,0,0,20181207,miller thomas r,120919118061593,CFO,male,
,,1552275,sunoco lp,0,1,0,0,20181218,dodderer arnold,120919118063308,GC & Asst. Sec.,male,
,,1552275,sunoco lp,1,0,0,0,20181220,long thomas e,120919118063737,,male,
,,1552275,sunoco lp,1,0,0,0,20181220,ramsey matthew s.,120919118063736,,male,
,,1552275,sunoco lp,0,1,0,0,20181220,fails karl r,120919118063735,"SVP, Chief Commercial Officer",male,
,,1552275,sunoco lp,0,1,0,0,20181220,kim joseph,120919118063734,President & CEO,male,
,,1552275,sunoco lp,0,1,0,0,20181220,harris camilla a.,120919118063733,"VP, Controller & PAO",female,
,,1552275,sunoco lp,1,1,0,0,20181220,curia christopher,120919118063732,EVP - Human Resources,male,
,,1552275,sunoco lp,0,1,0,0,20181220,heinemann blake,120919118063731,"SVP, Chief Sales Officer",male,
,,1552275,sunoco lp,0,1,0,0,20181220,hand brian a,120919118063730,SVP-Chief Dev. & Mktg. Officer,male,
,,1552275,sunoco lp,0,1,0,0,20181220,dodderer arnold,120919118063729,GC & Asst. Sec.,male,
,,1552275,sunoco lp,0,1,0,0,20181220,miller thomas r,120919118063738,CFO,male,
,,1552275,sunoco lp,1,0,0,0,20190104,alvarez oscar a.,120919119002210,,male,
,,1552275,sunoco lp,1,0,0,0,20190104,anbouba imad k.,120919119002213,,male,
,,1552275,sunoco lp,1,0,0,0,20190104,bryant james w,120919119002215,,male,
,,1552275,sunoco lp,0,1,0,0,20190125,fails karl r,120919119005410,"SVP, Chief Operations Officer",male,
,,1552275,sunoco lp,1,1,0,0,20190221,curia christopher,120919119012283,EVP - Human Resources,male,
,,1552275,sunoco lp,0,1,0,0,20191209,miller thomas r,120919119059737,CFO,male,
,,1552275,sunoco lp,1,0,0,0,20191209,long thomas e,120919119059738,,male,
,,1552275,sunoco lp,0,1,0,0,20191209,kim joseph,120919119059741,President & CEO,male,
,,1552275,sunoco lp,0,1,0,0,20191209,hand brian a,120919119059744,SVP-Chief Dev. & Mktg. Officer,male,
,,1552275,sunoco lp,0,1,0,0,20191209,fails karl r,120919119059745,"SVP, Chief Operations Officer",male,
,,1552275,sunoco lp,0,1,0,0,20191209,dodderer arnold,120919119059747,GC & Asst. Sec.,male,
,,1552275,sunoco lp,0,1,0,0,20191211,dodderer arnold,120919119060059,GC & Asst. Sec.,male,
,,1552275,sunoco lp,0,1,0,0,20191217,dodderer arnold,120919119060934,GC & Asst. Sec.,male,
,,1552275,sunoco lp,0,1,0,0,20191217,fails karl r,120919119060936,"SVP, Chief Operations Officer",male,
,,1552275,sunoco lp,0,1,0,0,20191217,hand brian a,120919119060937,SVP-Chief Dev. & Mktg. Officer,male,
,,1552275,sunoco lp,0,1,0,0,20191217,harris camilla a.,120919119060938,"VP, Controller & PAO",female,
,,1552275,sunoco lp,0,1,0,0,20191217,kim joseph,120919119060942,President & CEO,male,
,,1552275,sunoco lp,0,1,0,0,20191217,miller thomas r,120919119060944,CFO,male,
,,1552275,sunoco lp,1,0,0,0,20191223,ramsey matthew s.,120919119061822,,male,
,,1552275,sunoco lp,1,1,0,0,20191223,curia christopher,120919119061825,EVP - Human Resources,male,
,,1552275,sunoco lp,1,0,0,0,20191223,long thomas e,120919119061823,,male,
,,1552275,sunoco lp,1,0,0,0,20200103,bryant james w,120919120001169,,male,
,,1552275,sunoco lp,1,0,0,0,20200103,anbouba imad k.,120919120001168,,male,
,,1552275,sunoco lp,1,0,0,0,20200103,alvarez oscar a.,120919120001162,,male,
,,1552275,sunoco lp,0,1,0,0,20200312,kim joseph,120919120018668,President & CEO,male,
,,1552275,sunoco lp,1,0,0,0,20200312,anbouba imad k.,120919120018639,,male,
,,1552275,sunoco lp,0,1,0,0,20200313,miller thomas r,120919120018899,CFO,male,
,,1552275,sunoco lp,1,0,0,0,20200313,anbouba imad k.,120919120018753,,male,
,,1552275,sunoco lp,0,1,0,0,20200318,hand brian a,120919120019981,SVP-Chief Dev. & Mktg. Officer,male,
,,1552275,sunoco lp,0,1,0,0,20200318,dodderer arnold,120919120019980,GC & Asst. Sec.,male,
,,1552275,sunoco lp,1,1,0,0,20200318,curia christopher,120919120019979,EVP - Human Resources,male,
,,1552275,sunoco lp,0,1,0,0,20200318,fails karl r,120919120019978,"SVP, Chief Operations Officer",male,
,,1552275,sunoco lp,0,1,0,0,20201029,bramhall dylan,120919120056249,CFO,male,
,,1552275,sunoco lp,0,1,0,0,20201113,dodderer arnold,120919120058323,GC & Asst. Sec.,male,
,,1552275,sunoco lp,1,0,0,0,20201113,anbouba imad k.,120919120058328,,male,
,,1552275,sunoco lp,1,0,0,0,20201117,anbouba imad k.,120919120058708,,male,
,,1552275,sunoco lp,0,1,0,0,20201208,gladwin alison,120919120062310,"SVP, Marketing & Admin.",female,
,,1552275,sunoco lp,0,1,0,0,20201208,kim joseph,120919120062305,President & CEO,male,
,,1552275,sunoco lp,0,1,0,0,20201208,hand brian a,120919120062308,SVP-Chief Sales Officer,male,
,,1552275,sunoco lp,0,1,0,0,20201208,fails karl r,120919120062304,"SVP, Chief Operations Officer",male,
,,1552275,sunoco lp,0,1,0,0,20201208,dodderer arnold,120919120062309,GC & Asst. Sec.,male,
,,1552275,sunoco lp,0,1,0,0,20201216,dodderer arnold,120919120063822,GC & Asst. Sec.,male,
,,1552275,sunoco lp,0,1,0,0,20210104,kim joseph,120919121000479,President & CEO,male,
,,1552275,sunoco lp,0,1,0,0,20210104,raymer rick,120919121000476,VP & Controller & POA,male,
,,1552275,sunoco lp,0,1,0,0,20210104,fails karl r,120919121000465,"SVP, Chief Operations Officer",male,
,,1552275,sunoco lp,0,1,0,0,20210104,bramhall dylan,120919121000466,CFO,male,
,,1552275,sunoco lp,0,1,0,0,20210104,hand brian a,120919121000470,SVP-Chief Sales Officer,male,
,,1552275,sunoco lp,1,1,0,0,20210104,curia christopher,120919121000472,EVP - Human Resources,male,
,,1552275,sunoco lp,0,1,0,0,20210104,dodderer arnold,120919121000473,GC & Asst. Sec.,male,
,,1552275,sunoco lp,0,1,0,0,20210104,gladwin alison,120919121000474,"SVP, Marketing & Admin.",female,
,,1552275,sunoco lp,1,0,0,0,20210104,long thomas e,120919121000478,,male,
,,1552275,sunoco lp,1,0,0,0,20210104,ramsey matthew s.,120919121000480,,male,
,,1552275,sunoco lp,1,0,0,0,20210105,anbouba imad k.,120919121001455,,male,
,,1552275,sunoco lp,1,0,0,0,20210105,bryant james w,120919121001453,,male,
,,1552275,sunoco lp,1,0,0,0,20210105,alvarez oscar a.,120919121001454,,male,
,,1552275,sunoco lp,1,0,0,0,20210526,skidmore david k,120919121035959,,male,
,,1552275,sunoco lp,1,0,0,0,20210526,williams william presley,120919121035960,,male,
,,1552275,sunoco lp,0,1,0,0,20210903,fails karl r,120919121054862,EVP & Chief Operations Officer,male,
,,1552275,sunoco lp,1,0,0,0,20211118,anbouba imad k.,120919121065509,,male,
,,1552275,sunoco lp,1,0,0,0,20211203,skidmore david k,120919121067826,,male,
,,1552275,sunoco lp,1,0,0,0,20211207,ramsey matthew s.,120919121068354,,male,
,,1552275,sunoco lp,0,1,0,0,20211207,kim joseph,120919121068352,President & CEO,male,
,,1552275,sunoco lp,0,1,0,0,20211207,hand brian a,120919121068351,SVP-Chief Sales Officer,male,
,,1552275,sunoco lp,0,1,0,0,20211207,dodderer arnold,120919121068353,GC & Asst. Sec.,male,
,,1552275,sunoco lp,0,1,0,0,20211207,fails karl r,120919121068349,EVP & Chief Operations Officer,male,
,,1552275,sunoco lp,0,1,0,0,20211207,gladwin alison,120919121068350,"SVP, Marketing & Admin.",female,
,,1552275,sunoco lp,1,1,0,0,20211207,curia christopher,120919121068348,EVP - Human Resources,male,
,,1552275,sunoco lp,1,0,0,0,20211214,ramsey matthew s.,120919121069495,,male,
,,1552275,sunoco lp,1,1,0,0,20211220,kim joseph,120919121070580,President & CEO,male,
,,1552275,sunoco lp,0,1,0,0,20211220,dodderer arnold,120919121070581,GC & Asst. Sec.,male,
,,1552275,sunoco lp,0,1,0,0,20211220,bramhall dylan,120919121070584,CFO,male,
,,1552275,sunoco lp,1,1,0,0,20211220,curia christopher,120919121070585,EVP - Human Resources,male,
,,1552275,sunoco lp,0,1,0,0,20211220,raymer rick,120919121070586,VP & Controller & POA,male,
,,1552275,sunoco lp,0,1,0,0,20211220,gladwin alison,120919121070588,"SVP, Marketing & Admin.",female,
,,1552275,sunoco lp,0,1,0,0,20211220,fails karl r,120919121070590,EVP & Chief Operations Officer,male,
,,1552275,sunoco lp,0,1,0,0,20211220,hand brian a,120919121070593,SVP-Chief Sales Officer,male,
,,1552275,sunoco lp,1,0,0,0,20220105,anbouba imad k.,120919122001772,,male,
,,1552275,sunoco lp,1,0,0,0,20220105,alvarez oscar a.,120919122001776,,male,
,,1552275,sunoco lp,1,0,0,0,20220105,skidmore david k,120919122001777,,male,
,,1552275,sunoco lp,1,0,0,0,20220105,williams william presley,120919122001774,,male,
,,1552275,sunoco lp,1,0,0,0,20220405,washburne ray w,120919122023271,,male,
,,1552275,sunoco lp,1,1,0,0,20220621,kim joseph,120919122038230,President & CEO,male,
,,1552275,sunoco lp,0,1,0,0,20221019,harkness austin,120919122054078,SVP - Pricing & REO,male,
,,1552275,sunoco lp,0,1,0,0,20221207,dodderer arnold,120919122060161,GC & Asst. Sec.,male,
,,1552275,sunoco lp,0,1,0,0,20221207,fails karl r,120919122060162,EVP & Chief Operations Officer,male,
,,1552275,sunoco lp,0,1,0,0,20221207,gladwin alison,120919122060163,"SVP, Marketing & Admin.",female,
,,1552275,sunoco lp,0,1,0,0,20221207,harkness austin,120919122060164,SVP - Pricing & REO,male,
,,1552275,sunoco lp,0,1,0,0,20221207,hand brian a,120919122060165,SVP-Chief Sales Officer,male,
,,1552275,sunoco lp,1,1,0,0,20221207,kim joseph,120919122060167,President & CEO,male,
,,1552275,sunoco lp,0,1,0,0,20221214,gladwin alison,120919122061155,"SVP, Marketing & Admin.",female,
,,1552275,sunoco lp,0,1,0,0,20221214,fails karl r,120919122061154,EVP & Chief Operations Officer,male,
,,1552275,sunoco lp,0,1,0,0,20221214,hand brian a,120919122061157,SVP-Chief Sales Officer,male,
,,1552275,sunoco lp,0,1,0,0,20221214,raymer rick,120919122061158,VP & Controller & POA,male,
,,1552275,sunoco lp,0,1,0,0,20221214,bramhall dylan,120919122061161,CFO,male,
,,1552275,sunoco lp,0,1,0,0,20221214,dodderer arnold,120919122061162,GC & Asst. Sec.,male,
,,1552275,sunoco lp,1,1,0,0,20221214,kim joseph,120919122061163,President & CEO,male,
,,1552275,sunoco lp,0,1,0,0,20221214,harkness austin,120919122061164,SVP - Pricing & REO,male,
,,1552275,sunoco lp,1,0,0,0,20230106,alvarez oscar a.,120919123002383,,male,
,,1552275,sunoco lp,1,0,0,0,20230106,washburne ray w,120919123002378,,male,
,,1552275,sunoco lp,1,0,0,0,20230106,skidmore david k,120919123002379,,male,
,,1552275,sunoco lp,1,0,0,0,20230106,anbouba imad k.,120919123002384,,male,
,,1552275,sunoco lp,1,1,0,0,20230210,curia christopher,120919123008455,EVP - Human Resources,male,
,,1552275,sunoco lp,0,1,0,0,20231207,raymer rick,120919123057790,VP & Controller & POA,male,
,,1552275,sunoco lp,0,1,0,0,20231207,dodderer arnold,120919123057783,GC & Asst. Sec.,male,
,,1552275,sunoco lp,0,1,0,0,20231207,fails karl r,120919123057784,EVP & Chief Operations Officer,male,
,,1552275,sunoco lp,0,1,0,0,20231207,gladwin alison,120919123057786,"SVP, Marketing & Admin.",female,
,,1552275,sunoco lp,0,1,0,0,20231207,hand brian a,120919123057787,SVP-Chief Sales Officer,male,
,,1552275,sunoco lp,0,1,0,0,20231207,harkness austin,120919123057788,SVP - Pricing & REO,male,
,,1552275,sunoco lp,1,1,0,0,20231207,kim joseph,120919123057789,President & CEO,male,
,,1552275,sunoco lp,0,1,0,0,20231207,bramhall dylan,120919123057780,CFO,male,
,,1552275,sunoco lp,1,1,0,0,20231207,curia christopher,120919123057781,EVP - Human Resources,male,
,,1552275,sunoco lp,1,1,0,0,20231212,curia christopher,120919123058289,EVP - Human Resources,male,
,,1552275,sunoco lp,0,1,0,0,20231212,fails karl r,120919123058291,EVP & Chief Operations Officer,male,
,,1552275,sunoco lp,0,1,0,0,20231212,hand brian a,120919123058292,SVP-Chief Sales Officer,male,
,,1552275,sunoco lp,0,1,0,0,20231212,harkness austin,120919123058293,SVP - Pricing & REO,male,
,,1552275,sunoco lp,0,1,0,0,20231212,raymer rick,120919123058295,VP & Controller & PAO,male,
,,1552275,sunoco lp,1,1,0,0,20231212,kim joseph,120919123058290,President & CEO,male,
,,1552275,sunoco lp,0,1,0,0,20231212,dodderer arnold,120919123058294,GC & Asst. Sec.,male,
,,1552275,sunoco lp,1,0,0,0,20240104,anbouba imad k.,120919124000829,,male,
,,1552275,sunoco lp,1,0,0,0,20240104,skidmore david k,120919124000830,,male,
,,1552275,sunoco lp,1,0,0,0,20240104,washburne ray w,120919124000831,,male,
,,1552275,sunoco lp,1,0,0,0,20240104,alvarez oscar a.,120919124000835,,male,
,,1552275,sunoco lp,1,0,0,0,20240419,skidmore david k,120919124005346,,male,
,,1552275,sunoco lp,true,true,false,false,20240528,kim joseph,95017024064893,President & CEO,male,
,,1552275,sunoco lp,false,true,false,false,20240529,hand brian a,95017024065639,EVP-Chief Sales Officer,male,
,,1552275,sunoco lp,false,true,false,false,20240529,fails karl r,95017024065638,EVP & Chief Operations Officer,male,
,,1552275,sunoco lp,false,true,false,false,20240531,harkness austin,95017024066937,EVP - Commercial,male,
,,1552275,sunoco lp,false,true,false,false,20241209,fails karl r,95017024134567,EVP & Chief Operations Officer,male,
,,1552275,sunoco lp,false,true,false,false,20241209,hand brian a,95017024134573,EVP-Chief Sales Officer,male,
,,1552275,sunoco lp,false,true,false,false,20241209,harkness austin,95017024134574,"EVP, Chief Commercial Officer",male,
,,1552275,sunoco lp,false,true,false,false,20241209,bramhall dylan,95017024134575,CFO,male,
,,1552275,sunoco lp,true,true,false,false,20241209,kim joseph,95017024134576,President & CEO,male,
,,1552275,sunoco lp,false,true,false,false,20241209,raymer rick,95017024134565,VP & Controller & PAO,male,
