direct,indirect,issuer_cik,issuer_name,isDirector,isOfficer,isTenPercentOwner,isOther,date,name,accession,officerTitle,predicted_gender,total_stock
,,351817,swift energy co,false,true,false,false,20100204,kitterman james m,124636010000534,Senior VP Operations,male,
,,351817,swift energy co,false,false,false,true,20100209,swift virgil n,124636010000683,,male,
,,351817,swift energy co,false,true,false,false,20100210,kitterman james m,124636010000770,Senior VP Operations,male,
,,351817,swift energy co,false,true,false,false,20100210,turcotte barry s.,124636010000771,VP and Controller,male,
,,351817,swift energy co,false,true,false,false,20100210,banks robert j.,124636010000768,Executive VP and COO,male,
,,351817,swift energy co,false,true,false,false,20100210,mitchell james p,124636010000769,Sr VP-CT&Land,male,
,,351817,swift energy co,true,true,false,false,20100210,vincent bruce h,124636010000766,President and Sec'y,male,
,,351817,swift energy co,false,true,false,false,20100210,heckaman alton d jr,124636010000767,EVP & CFO,male,
,,351817,swift energy co,true,true,false,false,20100210,swift terry e,124636010000764,COB & CEO,male,
,,351817,swift energy co,true,true,false,false,20100212,swift terry e,124636010000857,COB & CEO,male,
,,351817,swift energy co,false,true,false,false,20100212,turcotte barry s.,124636010000858,VP and Controller,male,
,,351817,swift energy co,true,true,false,false,20100212,vincent bruce h,124636010000860,President and Sec'y,male,
,,351817,swift energy co,false,true,false,false,20100212,mitchell james p,124636010000862,Sr VP-CT&Land,male,
,,351817,swift energy co,false,true,false,false,20100212,banks robert j.,124636010000880,Executive VP and COO,male,
,,351817,swift energy co,false,true,false,false,20100212,heckaman alton d jr,124636010000854,EVP & CFO,male,
,,351817,swift energy co,false,true,false,false,20100212,kitterman james m,124636010000856,Senior VP Operations,male,
,,351817,swift energy co,false,true,false,false,20100319,heckaman alton d jr,124636010001648,EVP & CFO,male,
,,351817,swift energy co,true,false,false,false,20100324,cannon deanna l,124636010001684,,female,
,,351817,swift energy co,true,false,false,false,20100506,smith clyde w jr,124636010002100,,male,
,,351817,swift energy co,true,false,false,false,20100514,matiuk greg,124636010002165,,male,
,,351817,swift energy co,true,false,false,false,20100514,swindells charles j,124636010002166,,male,
,,351817,swift energy co,true,false,false,false,20100514,smith clyde w jr,124636010002167,,male,
,,351817,swift energy co,true,false,false,false,20100514,cannon deanna l,124636010002163,,female,
,,351817,swift energy co,true,false,false,false,20100514,lanier douglas j,124636010002164,,male,
,,351817,swift energy co,true,false,false,false,20100527,cannon deanna l,124636010002328,,female,
,,351817,swift energy co,false,true,false,false,20100630,kitterman james m,124636010002532,Senior VP Operations,male,37876893.0
,,351817,swift energy co,false,true,false,false,20101118,mitchell james p,124636010003763,Sr VP-CT&Land,male,37885357.0
,,351817,swift energy co,false,false,false,true,20101206,swift virgil n,124636010003904,,male,37885357.0
,,351817,swift energy co,false,true,false,false,20101207,heckaman alton d jr,124636010003979,EVP & CFO,male,37885357.0
,,351817,swift energy co,false,true,false,false,20101208,banks robert j.,124636010003997,Executive VP and COO,male,37885357.0
,,351817,swift energy co,true,false,false,false,20101230,lanier douglas j,124636010004229,,male,37885357.0
,,351817,swift energy co,true,true,false,false,20110210,vincent bruce h,124636011000913,President and Sec'y,male,42049082.0
,,351817,swift energy co,false,true,false,false,20110210,banks robert j.,124636011000914,Executive VP and COO,male,42049082.0
,,351817,swift energy co,true,true,false,false,20110210,swift terry e,124636011000915,COB & CEO,male,42049082.0
,,351817,swift energy co,false,true,false,false,20110210,heckaman alton d jr,124636011000916,EVP & CFO,male,42049082.0
,,351817,swift energy co,false,true,false,false,20110210,kitterman james m,124636011000917,Senior VP Operations,male,42049082.0
,,351817,swift energy co,false,true,false,false,20110210,turcotte barry s.,124636011000918,VP and Controller,male,42049082.0
,,351817,swift energy co,false,true,false,false,20110210,mitchell james p,124636011000919,Sr VP-CT&Land,male,42049082.0
,,351817,swift energy co,true,true,false,false,20110211,swift terry e,124636011000985,COB & CEO,male,42049082.0
,,351817,swift energy co,true,true,false,false,20110211,vincent bruce h,124636011000984,President and Sec'y,male,42049082.0
,,351817,swift energy co,false,true,false,false,20110211,banks robert j.,124636011000979,Executive VP and COO,male,42049082.0
,,351817,swift energy co,false,true,false,false,20110211,kitterman james m,124636011000981,Senior VP Operations,male,42049082.0
,,351817,swift energy co,false,true,false,false,20110211,turcotte barry s.,124636011000980,VP and Controller,male,42049082.0
,,351817,swift energy co,false,true,false,false,20110211,heckaman alton d jr,124636011000978,EVP & CFO,male,42049082.0
,,351817,swift energy co,false,true,false,false,20110211,mitchell james p,124636011000982,Sr VP-CT&Land,male,42049082.0
,,351817,swift energy co,false,true,false,false,20110215,kitterman james m,124636011001072,Senior VP Operations,male,42049082.0
,,351817,swift energy co,false,true,false,false,20110215,turcotte barry s.,124636011001070,VP and Controller,male,42049082.0
,,351817,swift energy co,false,true,false,false,20110215,mitchell james p,124636011001071,Sr VP-CT&Land,male,42049082.0
,,351817,swift energy co,true,true,false,false,20110215,swift terry e,124636011001068,COB & CEO,male,42049082.0
,,351817,swift energy co,false,true,false,false,20110215,heckaman alton d jr,124636011001067,EVP & CFO,male,42049082.0
,,351817,swift energy co,true,true,false,false,20110215,vincent bruce h,124636011001069,President and Sec'y,male,42049082.0
,,351817,swift energy co,false,true,false,false,20110215,banks robert j.,124636011001066,Executive VP and COO,male,42049082.0
,,351817,swift energy co,true,true,false,false,20110218,swift terry e,124636011001240,COB & CEO,male,42049082.0
,,351817,swift energy co,false,true,false,false,20110218,heckaman alton d jr,124636011001241,EVP & CFO,male,42049082.0
,,351817,swift energy co,false,true,false,false,20110302,kitterman james m,124636011001560,Senior VP Operations,male,42049082.0
,,351817,swift energy co,true,false,false,false,20110308,smith clyde w jr,124636011001685,,male,42049082.0
,,351817,swift energy co,true,true,false,false,20110323,swift terry e,124636011001821,COB & CEO,male,42049082.0
,,351817,swift energy co,true,true,false,false,20110324,swift terry e,124636011001824,COB & CEO,male,42049082.0
,,351817,swift energy co,true,true,false,false,20110325,swift terry e,124636011001829,COB & CEO,male,42049082.0
,,351817,swift energy co,false,true,false,false,20110330,heckaman alton d jr,124636011001881,EVP & CFO,male,42049082.0
,,351817,swift energy co,false,false,false,true,20110401,swift virgil n,124636011001925,,male,42409379.0
,,351817,swift energy co,true,true,false,false,20110509,vincent bruce h,124636011002423,President and Sec'y,male,42423144.0
,,351817,swift energy co,true,false,false,false,20110513,swindells charles j,124636011002490,,male,42423144.0
,,351817,swift energy co,true,false,false,false,20110513,matiuk greg,124636011002486,,male,42423144.0
,,351817,swift energy co,true,false,false,false,20110513,smith clyde w jr,124636011002488,,male,42423144.0
,,351817,swift energy co,true,false,false,false,20110513,lanier douglas j,124636011002487,,male,42423144.0
,,351817,swift energy co,true,false,false,false,20110513,cannon deanna l,124636011002489,,female,42423144.0
,,351817,swift energy co,true,false,false,false,20110620,cannon deanna l,124636011002880,,female,42423144.0
,,351817,swift energy co,false,true,false,false,20111229,heckaman alton d jr,124636011004397,EVP & CFO,male,42478426.0
,,351817,swift energy co,true,false,false,false,20111229,swindells charles j,124636011004398,,male,42478426.0
,,351817,swift energy co,false,false,false,true,20120210,swift virgil n,124636012000820,,male,42540699.0
,,351817,swift energy co,false,true,false,false,20120210,turcotte barry s.,124636012000821,VP and Controller,male,42540699.0
,,351817,swift energy co,true,false,false,false,20120210,swindells charles j,124636012000819,,male,42540699.0
,,351817,swift energy co,false,true,false,false,20120210,heckaman alton d jr,124636012000814,EVP & CFO,male,42540699.0
,,351817,swift energy co,false,true,false,false,20120210,mitchell james p,124636012000816,Sr VP-CT&Land,male,42540699.0
,,351817,swift energy co,true,true,false,false,20120210,swift terry e,124636012000815,COB & CEO,male,42540699.0
,,351817,swift energy co,false,true,false,false,20120210,banks robert j.,124636012000817,Executive VP and COO,male,42540699.0
,,351817,swift energy co,true,true,false,false,20120210,vincent bruce h,124636012000813,President and Sec'y,male,42540699.0
,,351817,swift energy co,false,true,false,false,20120213,heckaman alton d jr,124636012000909,EVP & CFO,male,42540699.0
,,351817,swift energy co,false,true,false,false,20120213,mitchell james p,124636012000910,Sr VP-CT&Land,male,42540699.0
,,351817,swift energy co,false,true,false,false,20120213,turcotte barry s.,124636012000911,VP and Controller,male,42540699.0
,,351817,swift energy co,true,true,false,false,20120213,vincent bruce h,124636012000912,President and Sec'y,male,42540699.0
,,351817,swift energy co,true,true,false,false,20120213,swift terry e,124636012000913,COB & CEO,male,42540699.0
,,351817,swift energy co,false,true,false,false,20120213,banks robert j.,124636012000916,Executive VP and COO,male,42540699.0
,,351817,swift energy co,true,true,false,false,20120214,vincent bruce h,124636012000955,President and Sec'y,male,42540699.0
,,351817,swift energy co,false,true,false,false,20120215,turcotte barry s.,124636012000998,VP and Controller,male,42540699.0
,,351817,swift energy co,false,true,false,false,20120215,mitchell james p,124636012000999,Sr VP-CT&Land,male,42540699.0
,,351817,swift energy co,false,true,false,false,20120215,banks robert j.,124636012001000,Executive VP and COO,male,42540699.0
,,351817,swift energy co,false,true,false,false,20120215,heckaman alton d jr,124636012000996,EVP & CFO,male,42540699.0
,,351817,swift energy co,true,true,false,false,20120215,swift terry e,124636012000997,COB & CEO,male,42540699.0
,,351817,swift energy co,true,false,false,false,20120323,swindells charles j,124636012001862,,male,42540699.0
,,351817,swift energy co,true,false,false,false,20120426,smith clyde w jr,124636012002123,,male,42828821.0
,,351817,swift energy co,false,false,false,true,20120426,swift virgil n,124636012002124,,male,42828821.0
,,351817,swift energy co,true,false,false,false,20120511,cannon deanna l,124636012002357,,female,42844639.0
,,351817,swift energy co,true,false,false,false,20120511,matiuk greg,124636012002356,,male,42844639.0
,,351817,swift energy co,true,false,false,false,20120511,smith clyde w jr,124636012002358,,male,42844639.0
,,351817,swift energy co,true,false,false,false,20120511,lanier douglas j,124636012002359,,male,42844639.0
,,351817,swift energy co,true,false,false,false,20120511,swindells charles j,124636012002360,,male,42844639.0
,,351817,swift energy co,true,true,false,false,20120514,vincent bruce h,124636012002368,President and Sec'y,male,42844639.0
,,351817,swift energy co,false,true,false,false,20120516,heckaman alton d jr,124636012002395,EVP & CFO,male,42844639.0
,,351817,swift energy co,true,true,false,false,20120516,vincent bruce h,124636012002396,President and Sec'y,male,42844639.0
,,351817,swift energy co,false,true,false,false,20120518,heckaman alton d jr,124636012002473,EVP & CFO,male,42844639.0
,,351817,swift energy co,false,true,false,false,20120604,tomberlin steven l.,124636012002659,"Sr. VP, Resource Devel & Eng",male,42844639.0
,,351817,swift energy co,false,true,false,false,20120627,heckaman alton d jr,124636012002856,EVP & CFO,male,42844639.0
,,351817,swift energy co,true,true,false,false,20120627,vincent bruce h,124636012002857,President and Sec'y,male,42844639.0
,,351817,swift energy co,false,true,false,false,20120920,turcotte barry s.,124636012003839,VP and Controller,male,42885215.0
,,351817,swift energy co,true,true,false,false,20121108,swift terry e,124636012004358,COB & CEO,male,42923371.0
,,351817,swift energy co,true,false,false,false,20121108,lanier douglas j,124636012004355,,male,42923371.0
,,351817,swift energy co,false,true,false,false,20130212,heckaman alton d jr,124636013001112,EVP & CFO,male,43002344.0
,,351817,swift energy co,false,true,false,false,20130212,mitchell james p,124636013001113,Sr VP-CT&Land,male,43002344.0
,,351817,swift energy co,false,true,false,false,20130212,turcotte barry s.,124636013001114,VP and Controller,male,43002344.0
,,351817,swift energy co,true,true,false,false,20130212,swift terry e,124636013001115,COB & CEO,male,43002344.0
,,351817,swift energy co,true,true,false,false,20130212,vincent bruce h,124636013001116,President,male,43002344.0
,,351817,swift energy co,false,true,false,false,20130212,banks robert j.,124636013001111,Executive VP and COO,male,43002344.0
,,351817,swift energy co,true,true,false,false,20130214,vincent bruce h,124636013001351,President,male,43002344.0
,,351817,swift energy co,false,true,false,false,20130214,turcotte barry s.,124636013001349,VP and Controller,male,43002344.0
,,351817,swift energy co,true,true,false,false,20130214,swift terry e,124636013001350,COB & CEO,male,43002344.0
,,351817,swift energy co,false,true,false,false,20130214,mitchell james p,124636013001347,Sr VP-CT&Land,male,43002344.0
,,351817,swift energy co,false,true,false,false,20130214,heckaman alton d jr,124636013001346,EVP & CFO,male,43002344.0
,,351817,swift energy co,false,true,false,false,20130214,tomberlin steven l.,124636013001348,"Sr. VP, Resource Devel & Eng",male,43002344.0
,,351817,swift energy co,false,true,false,false,20130214,banks robert j.,124636013001345,Executive VP and COO,male,43002344.0
,,351817,swift energy co,false,true,false,false,20130215,mitchell james p,124636013001372,Sr VP-CT&Land,male,43002344.0
,,351817,swift energy co,false,true,false,false,20130215,banks robert j.,124636013001373,Executive VP and COO,male,43002344.0
,,351817,swift energy co,false,true,false,false,20130215,heckaman alton d jr,124636013001374,EVP & CFO,male,43002344.0
,,351817,swift energy co,true,true,false,false,20130215,swift terry e,124636013001375,COB & CEO,male,43002344.0
,,351817,swift energy co,true,true,false,false,20130215,vincent bruce h,124636013001376,President,male,43002344.0
,,351817,swift energy co,false,true,false,false,20130215,turcotte barry s.,124636013001377,VP and Controller,male,43002344.0
,,351817,swift energy co,true,true,false,false,20130226,vincent bruce h,124636013001649,President,male,43002344.0
,,351817,swift energy co,false,true,false,false,20130227,heckaman alton d jr,124636013001695,EVP & CFO,male,43002344.0
,,351817,swift energy co,true,false,false,false,20130301,swindells charles j,124636013001788,,male,43002344.0
,,351817,swift energy co,true,false,false,false,20130524,matiuk greg,124636013003062,,male,43358059.0
,,351817,swift energy co,true,false,false,false,20130524,smith clyde w jr,124636013003064,,male,43358059.0
,,351817,swift energy co,true,false,false,false,20130524,lanier douglas j,124636013003066,,male,43358059.0
,,351817,swift energy co,true,false,false,false,20130524,swindells charles j,124636013003060,,male,43358059.0
,,351817,swift energy co,true,false,false,false,20130524,cannon deanna l,124636013003061,,female,43358059.0
,,351817,swift energy co,true,true,false,false,20130806,swift terry e,124636013003874,COB & CEO,male,43382961.0
,,351817,swift energy co,true,false,false,false,20130930,lanier douglas j,124636013004462,,male,43394911.0
,,351817,swift energy co,false,true,false,false,20140211,mitchell james p,124636014000798,Sr VP-CT&Land,male,43475471.0
,,351817,swift energy co,true,true,false,false,20140211,vincent bruce h,124636014000796,President,male,43475471.0
,,351817,swift energy co,true,true,false,false,20140211,swift terry e,124636014000794,COB & CEO,male,43475471.0
,,351817,swift energy co,false,true,false,false,20140211,banks robert j.,124636014000793,Executive VP and COO,male,43475471.0
,,351817,swift energy co,false,true,false,false,20140211,turcotte barry s.,124636014000795,VP and Controller,male,43475471.0
,,351817,swift energy co,false,true,false,false,20140211,heckaman alton d jr,124636014000792,EVP & CFO,male,43475471.0
,,351817,swift energy co,false,true,false,false,20140218,banks robert j.,124636014001123,Executive VP and COO,male,43475471.0
,,351817,swift energy co,false,true,false,false,20140218,heckaman alton d jr,124636014001124,EVP & CFO,male,43475471.0
,,351817,swift energy co,false,true,false,false,20140218,turcotte barry s.,124636014001125,VP and Controller,male,43475471.0
,,351817,swift energy co,false,true,false,false,20140218,tomberlin steven l.,124636014001126,"Sr. VP, Resource Devel & Eng",male,43475471.0
,,351817,swift energy co,true,true,false,false,20140218,vincent bruce h,124636014001127,President,male,43475471.0
,,351817,swift energy co,true,true,false,false,20140218,swift terry e,124636014001122,COB & CEO,male,43475471.0
,,351817,swift energy co,false,true,false,false,20140218,mitchell james p,124636014001121,Sr VP-CT&Land,male,43475471.0
,,351817,swift energy co,true,true,false,false,20140219,vincent bruce h,124636014001219,President,male,43475471.0
,,351817,swift energy co,false,true,false,false,20140219,tomberlin steven l.,124636014001220,"Sr. VP, Resource Devel & Eng",male,43475471.0
,,351817,swift energy co,false,true,false,false,20140219,heckaman alton d jr,124636014001221,EVP & CFO,male,43475471.0
,,351817,swift energy co,true,true,false,false,20140219,swift terry e,124636014001223,COB & CEO,male,43475471.0
,,351817,swift energy co,false,true,false,false,20140219,banks robert j.,124636014001226,Executive VP and COO,male,43475471.0
,,351817,swift energy co,false,true,false,false,20140219,turcotte barry s.,124636014001229,VP and Controller,male,43475471.0
,,351817,swift energy co,true,false,false,false,20140313,smith clyde w jr,124636014001794,,male,43475471.0
,,351817,swift energy co,true,false,false,false,20140320,matiuk greg,124636014001876,,male,43475471.0
,,351817,swift energy co,true,false,false,false,20140523,smith clyde w jr,124636014002646,,male,43807946.0
,,351817,swift energy co,true,false,false,false,20140523,matiuk greg,124636014002643,,male,43807946.0
,,351817,swift energy co,true,false,false,false,20140523,cannon deanna l,124636014002644,,female,43807946.0
,,351817,swift energy co,true,false,false,false,20140523,swindells charles j,124636014002645,,male,43807946.0
,,351817,swift energy co,true,false,false,false,20140523,lanier douglas j,124636014002642,,male,43807946.0
,,351817,swift energy co,true,true,false,false,20140805,swift terry e,124636014003422,COB & CEO,male,43846281.0
,,351817,swift energy co,true,true,false,false,20141218,vincent bruce h,124636014004735,President,male,43859472.0
,,351817,swift energy co,false,true,false,false,20150218,tomberlin steven l.,124636015000935,"Sr. VP, Resource Devel & Eng",male,44006995.0
,,351817,swift energy co,false,true,false,false,20150218,heckaman alton d jr,124636015000931,EVP & CFO,male,44006995.0
,,351817,swift energy co,true,true,false,false,20150218,vincent bruce h,124636015000932,President,male,44006995.0
,,351817,swift energy co,true,false,false,false,20150218,bruckmann william a iii,124636015000928,,male,44006995.0
,,351817,swift energy co,true,true,false,false,20150218,swift terry e,124636015000927,COB & CEO,male,44006995.0
,,351817,swift energy co,true,false,false,false,20150218,saxton ronald l,124636015000925,,male,44006995.0
,,351817,swift energy co,false,true,false,false,20150218,banks robert j.,124636015000930,Executive VP and COO,male,44006995.0
,,351817,swift energy co,false,true,false,false,20150219,banks robert j.,124636015001025,Executive VP and COO,male,44006995.0
,,351817,swift energy co,false,true,false,false,20150219,heckaman alton d jr,124636015001026,EVP & CFO,male,44006995.0
,,351817,swift energy co,false,true,false,false,20150219,tomberlin steven l.,124636015001027,"Sr. VP, Resource Devel & Eng",male,44006995.0
,,351817,swift energy co,true,true,false,false,20150219,swift terry e,124636015001024,COB & CEO,male,44006995.0
,,351817,swift energy co,true,false,false,false,20150318,saxton ronald l,124636015001556,,male,44006995.0
,,351817,swift energy co,true,false,false,false,20150330,lanier douglas j,124636015001633,,male,44006995.0
,,351817,swift energy co,true,false,false,false,20150401,smith clyde w jr,124636015001646,,male,44486441.0
,,351817,swift energy co,true,false,false,false,20150521,smith clyde w jr,124636015002296,,male,44488507.0
,,351817,swift energy co,true,false,false,false,20150521,matiuk greg,124636015002291,,male,44488507.0
,,351817,swift energy co,true,false,false,false,20150521,saxton ronald l,124636015002292,,male,44488507.0
,,351817,swift energy co,true,false,false,false,20150521,lanier douglas j,124636015002293,,male,44488507.0
,,351817,swift energy co,true,false,false,false,20150521,swindells charles j,124636015002294,,male,44488507.0
,,351817,swift energy co,true,false,false,false,20150521,bruckmann william a iii,124636015002290,,male,44488507.0
,,351817,swift energy co,true,false,false,false,20150521,cannon deanna l,124636015002295,,female,44488507.0
,,351817,swift energy co,false,true,false,false,20151216,heckaman alton d jr,124636015003892,EVP & CFO,male,44550975.0
,,351817,swift energy co,true,true,false,false,20151216,swift terry e,124636015003893,COB & CEO,male,44550975.0
,,351817,swift energy co,0,1,0,0,20160426,banks robert j.,142748916000001,Executive VP and COO,male,45112751.0
1386.0,,351817,swift energy co,false,true,false,false,20160426,heckaman alton d jr,159396816000682,EVP and CFO,male,45112751.0
707.0,,351817,swift energy co,false,true,false,false,20160426,tomberlin steven l.,159396816000681,SR. VP - RESOURCE DEV,male,45112751.0
,,351817,swift energy co,true,false,false,false,20160426,smith clyde w jr,124636016005597,,male,45112751.0
,,351817,swift energy co,true,false,false,false,20160426,swindells charles j,124636016005596,,male,45112751.0
,,351817,swift energy co,true,false,false,false,20160426,lanier douglas j,124636016005595,,male,45112751.0
,,351817,swift energy co,true,false,false,false,20160426,matiuk greg,124636016005594,,male,45112751.0
,,351817,swift energy co,true,false,false,false,20160426,cannon deanna l,124636016005593,,female,45112751.0
,,351817,swift energy co,true,false,false,false,20160426,saxton ronald l,124636016005592,,male,45112751.0
,,351817,swift energy co,true,false,false,false,20160426,bruckmann william a iii,124636016005591,,male,45112751.0
,,351817,swift energy co,false,true,false,false,20160426,tomberlin steven l.,124636016005589,"Sr. VP, Resource Devel & Eng",male,45112751.0
,,351817,swift energy co,0,1,0,0,20160426,swift terry e,35181716000058,CEO,male,45112751.0
,,351817,swift energy co,0,1,0,0,20160426,heckaman alton d jr,35181716000057,Executive VP and CFO,male,45112751.0
72.0,,351817,swift energy co,true,true,false,false,20160426,swift terry e,159396816000683,CEO,male,45112751.0
5.0,,351817,swift energy co,false,true,false,false,20160426,banks robert j.,159396816000684,EVP AND COO,male,45112751.0
26750.0,303.0,351817,swift energy co,false,true,false,false,20160610,banks robert j.,159396816000875,EVP AND COO,male,45112751.0
5286.0,,351817,swift energy co,true,false,false,false,20160610,ellisor gabriel l,159396816000874,,male,45112751.0
52957.0,72.0,351817,swift energy co,true,true,false,false,20160610,swift terry e,159396816000876,CEO,male,45112751.0
27841.0,,351817,swift energy co,false,true,false,false,20160610,heckaman alton d jr,159396816000877,EVP and CFO,male,45112751.0
5286.0,,351817,swift energy co,true,false,false,false,20160610,duginski michael,159396816000873,,male,45112751.0
5286.0,,351817,swift energy co,true,false,false,false,20160610,wampler charles w,159396816000872,,male,45112751.0
37708.0,72.0,351817,swift energy co,false,false,false,true,20161012,swift terry e,159396816001132,,male,10034354.0
20605.0,,351817,swift energy co,false,true,false,false,20161116,heckaman alton d jr,159396816001212,EVP and CFO,male,10034354.0
26700.0,303.0,351817,swift energy co,false,true,false,false,20161229,banks robert j.,159396816001358,INTERIM CEO; EVP AND COO,male,10034354.0
74808.0,,351817,swift energy co,true,false,false,false,20170109,rowland marcus c,159396817000080,,male,10034354.0
58054.0,,351817,swift energy co,true,true,false,false,20170303,woolverton sean c,159396817000391,Chief Executive Officer,male,10034354.0
59001.0,,351817,swift energy co,true,true,false,false,20170316,woolverton sean c,159396817000460,Chief Executive Officer,male,10034354.0
19773.0,,351817,swift energy co,true,false,false,false,20170324,ellisor gabriel l,159396817000469,,male,10034354.0
35096.0,,351817,swift energy co,false,true,false,false,20170324,van riet gerald gleeson,159396817000468,EVP AND CFO,female,10034354.0
40457.0,303.0,351817,swift energy co,false,true,false,false,20170324,banks robert j.,159396817000467,EVP AND COO,male,10034354.0
,,351817,swift energy co,false,true,false,false,20170324,abundis christopher m,159396817000466,"SR VP, GC &amp; SECY",male,10034354.0
19773.0,,351817,swift energy co,true,false,false,false,20170324,duginski michael,159396817000471,,male,10034354.0
19773.0,,351817,swift energy co,true,false,false,false,20170324,wampler charles w,159396817000470,,male,10034354.0
35701.0,,351817,swift energy co,false,true,false,false,20170403,van riet gerald gleeson,159396817000548,EVP AND CFO,female,10034354.0
59905.0,,351817,swift energy co,true,true,false,false,20170420,woolverton sean c,159396817000607,Chief Executive Officer,male,10034354.0
36398.0,,351817,swift energy co,false,true,false,false,20170501,van riet gerald gleeson,159396817000629,EVP AND CFO,female,11478709.0
60869.0,,351817,"silverbow resources, inc.",true,true,false,false,20170516,woolverton sean c,159396817000680,Chief Executive Officer,male,11478709.0
36981.0,,351817,"silverbow resources, inc.",false,true,false,false,20170601,van riet gerald gleeson,159396817000740,EVP AND CFO,female,11478709.0
,,351817,"silverbow resources, inc.",false,true,false,false,20170609,abundis christopher m,159396817000770,"SR VP, GC &amp; SECY",male,11478709.0
6755.0,,351817,"silverbow resources, inc.",false,true,false,false,20170609,buchta gary g,159396817000771,CONTROLLER,male,11478709.0
38045.0,303.0,351817,"silverbow resources, inc.",false,true,false,false,20170609,banks robert j.,159396817000772,EVP AND COO,male,11478709.0
61716.0,,351817,"silverbow resources, inc.",true,true,false,false,20170616,woolverton sean c,159396817000796,Chief Executive Officer,male,11478709.0
37617.0,,351817,"silverbow resources, inc.",false,true,false,false,20170703,van riet gerald gleeson,159396817000850,EVP AND CFO,female,11478709.0
62698.0,,351817,"silverbow resources, inc.",true,true,false,false,20170718,woolverton sean c,159396817000935,Chief Executive Officer,male,11478709.0
38294.0,,351817,"silverbow resources, inc.",false,true,false,false,20170802,van riet gerald gleeson,159396817000951,EVP AND CFO,female,11478709.0
63804.0,,351817,"silverbow resources, inc.",true,true,false,false,20170816,woolverton sean c,159396817000998,Chief Executive Officer,male,11526532.0
39094.0,,351817,"silverbow resources, inc.",false,true,false,false,20170905,van riet gerald gleeson,159396817001027,EVP AND CFO,female,11526532.0
64847.0,,351817,"silverbow resources, inc.",true,true,false,false,20170919,woolverton sean c,159396817001068,Chief Executive Officer,male,11526532.0
39801.0,,351817,"silverbow resources, inc.",false,true,false,false,20171003,van riet gerald gleeson,159396817001084,EVP AND CFO,female,11526532.0
65966.0,,351817,"silverbow resources, inc.",true,true,false,false,20171017,woolverton sean c,159396817001141,Chief Executive Officer,male,11526532.0
40580.0,,351817,"silverbow resources, inc.",false,true,false,false,20171102,van riet gerald gleeson,159396817001180,EVP AND CFO,female,11551468.0
39275.0,,351817,"silverbow resources, inc.",false,true,false,false,20171108,adam steven w,159396817001197,EVP and COO,male,11551468.0
67068.0,,351817,"silverbow resources, inc.",true,true,false,false,20171116,woolverton sean c,159396817001224,CHIEF EXECUTIVE OFFICER,male,11551468.0
41334.0,,351817,"silverbow resources, inc.",false,true,false,false,20171204,van riet gerald gleeson,159396817001282,EVP AND CFO,female,11551468.0
68170.0,,351817,"silverbow resources, inc.",true,true,false,false,20171218,woolverton sean c,159396817001364,CHIEF EXECUTIVE OFFICER,male,11551468.0
41928.0,,351817,"silverbow resources, inc.",false,true,false,false,20180103,van riet gerald gleeson,159396818000026,EVP AND CFO,female,11570621.0
68931.0,,351817,"silverbow resources, inc.",true,true,false,false,20180117,woolverton sean c,159396818000150,CHIEF EXECUTIVE OFFICER,male,11570621.0
42476.0,,351817,"silverbow resources, inc.",false,true,false,false,20180202,van riet gerald gleeson,159396818000249,EVP AND CFO,female,11570621.0
69829.0,,351817,"silverbow resources, inc.",true,true,false,false,20180216,woolverton sean c,159396818000353,CHIEF EXECUTIVE OFFICER,male,11570621.0
43174.0,,351817,"silverbow resources, inc.",false,true,false,false,20180301,van riet gerald gleeson,159396818000439,EVP AND CFO,female,11570621.0
,,351817,"silverbow resources, inc.",false,true,false,false,20180306,abundis christopher m,159396818000505,"SR VP, GC &amp; SECY",male,11570621.0
50074.0,,351817,"silverbow resources, inc.",false,true,false,false,20180306,van riet gerald gleeson,159396818000507,EVP AND CFO,female,11570621.0
10655.0,,351817,"silverbow resources, inc.",false,true,false,false,20180306,buchta gary g,159396818000506,CONTROLLER,male,11570621.0
79829.0,,351817,"silverbow resources, inc.",true,true,false,false,20180307,woolverton sean c,159396818000513,CHIEF EXECUTIVE OFFICER,male,11570621.0
46175.0,,351817,"silverbow resources, inc.",false,true,false,false,20180307,adam steven w,159396818000512,EVP and COO,male,11570621.0
70746.0,,351817,"silverbow resources, inc.",true,false,false,false,20180307,rowland marcus c,159396818000511,,male,11570621.0
62808.0,,351817,"silverbow resources, inc.",1,0,0,0,20180312,rowland marcus c,35181718000005,,male,11570621.0
46794.0,,351817,"silverbow resources, inc.",0,1,0,0,20180313,adam steven w,35181718000006,EVP and COO,male,11570621.0
10491.0,,351817,"silverbow resources, inc.",false,true,false,false,20180326,buchta gary g,159396818000625,CONTROLLER,male,11570621.0
,,351817,"silverbow resources, inc.",false,true,false,false,20180326,abundis christopher m,159396818000626,"SR VP, GC &amp; SECY",male,11570621.0
47411.0,,351817,"silverbow resources, inc.",false,true,false,false,20180406,adam steven w,159396818000660,EVP and COO,male,11652637.0
47986.0,,351817,"silverbow resources, inc.",false,true,false,false,20180504,adam steven w,159396818000736,EVP and COO,male,11652637.0
48618.0,,351817,"silverbow resources, inc.",false,true,false,false,20180607,adam steven w,147793218002941,EVP and COO,male,11652637.0
,,351817,"silverbow resources, inc.",false,true,false,false,20180612,abundis christopher m,159396818000898,"SR VP, GC &amp; SECY",male,11652637.0
9785.0,,351817,"silverbow resources, inc.",false,true,false,false,20180612,buchta gary g,159396818000899,CONTROLLER,male,11652637.0
49221.0,,351817,"silverbow resources, inc.",false,true,false,false,20180709,adam steven w,159396818001028,EVP and COO,male,11667165.0
999562.0,,351817,"silverbow resources, inc.",false,false,true,false,20180723,"dw catalyst master fund, ltd.",121465918004938,,male,11667165.0
49799.0,,351817,"silverbow resources, inc.",false,true,false,false,20180807,adam steven w,159396818001095,EVP and COO,male,11667165.0
91218.0,,351817,"silverbow resources, inc.",true,true,false,false,20180813,woolverton sean c,159396818001113,CHIEF EXECUTIVE OFFICER,male,11667165.0
53799.0,,351817,"silverbow resources, inc.",false,true,false,false,20180813,adam steven w,159396818001110,EVP and COO,male,11667165.0
53974.0,,351817,"silverbow resources, inc.",false,true,false,false,20180813,van riet gerald gleeson,159396818001111,EVP AND CFO,female,11667165.0
,,351817,"silverbow resources, inc.",false,true,false,false,20180813,abundis christopher m,159396818001112,"SR VP, GC &amp; SECY",male,11667165.0
54373.0,,351817,"silverbow resources, inc.",false,true,false,false,20180910,adam steven w,159396818001193,EVP and COO,male,11667165.0
55003.0,,351817,"silverbow resources, inc.",false,true,false,false,20181009,adam steven w,159396818001324,EVP and COO,male,11692101.0
55669.0,,351817,"silverbow resources, inc.",false,true,false,false,20181107,adam steven w,159396818001408,EVP and COO,male,11692101.0
50808.0,,351817,"silverbow resources, inc.",true,false,false,false,20181113,rowland marcus c,159396818001436,,male,11692101.0
56459.0,,351817,"silverbow resources, inc.",false,true,false,false,20181210,adam steven w,159396818001568,EVP and COO,male,11692101.0
90353.0,,351817,"silverbow resources, inc.",true,true,false,false,20190221,woolverton sean c,159396819000537,CHIEF EXECUTIVE OFFICER,male,11693052.0
,,351817,"silverbow resources, inc.",false,true,false,false,20190221,abundis christopher m,159396819000538,"SR VP, GC &amp; SECY",male,11693052.0
9403.0,,351817,"silverbow resources, inc.",false,true,false,false,20190221,buchta gary g,159396819000539,CONTROLLER,male,11693052.0
53298.0,,351817,"silverbow resources, inc.",false,true,false,false,20190221,van riet gerald gleeson,159396819000540,EVP AND CFO,female,11693052.0
55783.0,,351817,"silverbow resources, inc.",false,true,false,false,20190221,adam steven w,159396819000541,EVP and COO,male,11693052.0
14403.0,,351817,"silverbow resources, inc.",false,true,false,false,20190306,buchta gary g,159396819000690,CONTROLLER,male,11693052.0
,,351817,"silverbow resources, inc.",false,true,false,false,20190325,abundis christopher m,159396819000840,"SR VP, GC &amp; SECY",male,11693052.0
14239.0,,351817,"silverbow resources, inc.",false,true,false,false,20190325,buchta gary g,159396819000841,CONTROLLER,male,11693052.0
65298.0,,351817,"silverbow resources, inc.",false,true,false,false,20190523,van riet gerald gleeson,159396819001185,EVP AND CFO,female,11743159.0
29033.0,,351817,"silverbow resources, inc.",true,false,false,false,20190523,ellisor gabriel l,159396819001184,,male,11743159.0
29033.0,,351817,"silverbow resources, inc.",true,false,false,false,20190523,duginski michael,159396819001183,,male,11743159.0
73183.0,,351817,"silverbow resources, inc.",false,true,false,false,20190523,adam steven w,159396819001182,EVP and COO,male,11743159.0
127064.0,,351817,"silverbow resources, inc.",true,true,false,false,20190523,woolverton sean c,159396819001181,CHIEF EXECUTIVE OFFICER,male,11743159.0
,,351817,"silverbow resources, inc.",false,true,false,false,20190523,abundis christopher m,159396819001175,"SR VP, GC &amp; SECY",male,11743159.0
29033.0,,351817,"silverbow resources, inc.",true,false,false,false,20190523,wampler charles w,159396819001174,,male,11743159.0
68485.0,,351817,"silverbow resources, inc.",true,false,false,false,20190523,rowland marcus c,159396819001173,,male,11743159.0
,,351817,"silverbow resources, inc.",false,true,false,false,20190611,abundis christopher m,159396819001385,"SR VP, GC &amp; SECY",male,11743159.0
13833.0,,351817,"silverbow resources, inc.",false,true,false,false,20190611,buchta gary g,159396819001386,CONTROLLER,male,11743159.0
1000.0,,351817,"silverbow resources, inc.",false,true,false,false,20190814,buchta gary g,159396819001732,CONTROLLER,male,11758317.0
66699.0,,351817,"silverbow resources, inc.",true,false,false,false,20191113,rowland marcus c,159396819002123,,male,11783846.0
60794.0,,351817,"silverbow resources, inc.",true,false,false,false,20191114,rowland marcus c,159396819002138,,male,11783846.0
43485.0,,351817,"silverbow resources, inc.",true,false,false,false,20191209,rowland marcus c,159396819002303,,male,11783846.0
13633.0,,351817,"silverbow resources, inc.",false,true,false,false,20191231,buchta gary g,159396819002375,CONTROLLER,male,11806679.0
72507.0,,351817,"silverbow resources, inc.",false,true,false,false,20200224,adam steven w,159396820000494,EVP and COO,male,11807084.0
126085.0,,351817,"silverbow resources, inc.",true,true,false,false,20200224,woolverton sean c,159396820000495,CHIEF EXECUTIVE OFFICER,male,11807084.0
,,351817,"silverbow resources, inc.",false,true,false,false,20200224,abundis christopher m,159396820000496,"SR VP, CFO, GC &amp; SECY",male,11807084.0
38507.0,,351817,"silverbow resources, inc.",true,false,false,false,20200228,duginski michael,159396820000550,,male,11807084.0
,,351817,"silverbow resources, inc.",false,true,false,false,20200228,abundis christopher m,159396820000549,"EVP, CFO, GC &amp; SECY",male,11807084.0
261587.0,,351817,"silverbow resources, inc.",true,true,false,false,20200228,woolverton sean c,159396820000551,CHIEF EXECUTIVE OFFICER,male,11807084.0
61571.0,,351817,"silverbow resources, inc.",true,false,false,false,20200228,rowland marcus c,159396820000552,,male,11807084.0
132794.0,,351817,"silverbow resources, inc.",false,true,false,false,20200228,adam steven w,159396820000553,EVP and COO,male,11807084.0
38507.0,,351817,"silverbow resources, inc.",true,false,false,false,20200228,ellisor gabriel l,159396820000554,,male,11807084.0
38507.0,,351817,"silverbow resources, inc.",true,false,false,false,20200228,wampler charles w,159396820000555,,male,11807084.0
256875.0,,351817,"silverbow resources, inc.",true,true,false,false,20200303,woolverton sean c,159396820000596,CHIEF EXECUTIVE OFFICER,male,11807084.0
,,351817,"silverbow resources, inc.",false,true,false,false,20200309,abundis christopher m,159396820000683,"EVP, CFO, GC &amp; SECY",male,11807084.0
13246.0,,351817,"silverbow resources, inc.",false,true,false,false,20200309,buchta gary g,159396820000684,CONTROLLER,male,11807084.0
253009.0,,351817,"silverbow resources, inc.",true,true,false,false,20200309,woolverton sean c,159396820000685,CHIEF EXECUTIVE OFFICER,male,11807084.0
131074.0,,351817,"silverbow resources, inc.",false,true,false,false,20200309,adam steven w,159396820000686,EVP and COO,male,11807084.0
,,351817,"silverbow resources, inc.",false,false,false,true,20200311,schultz william eric,159396820000743,,male,11807084.0
127918.0,,351817,"silverbow resources, inc.",false,true,false,false,20200323,adam steven w,159396820000896,EVP and COO,male,11807084.0
,,351817,"silverbow resources, inc.",false,true,false,false,20200323,abundis christopher m,159396820000897,"EVP, CFO, GC &amp; SECY",male,11807084.0
44571.0,,351817,"silverbow resources, inc.",true,false,false,false,20200527,rowland marcus c,159396820001273,,male,11886543.0
79686.0,,351817,"silverbow resources, inc.",false,true,false,false,20210223,abundis christopher m,159396821000584,"EVP, CFO, GC &amp; SECY",male,11936679.0
127222.0,,351817,"silverbow resources, inc.",false,true,false,false,20210223,adam steven w,159396821000585,EVP and COO,male,11936679.0
252000.0,,351817,"silverbow resources, inc.",true,true,false,false,20210223,woolverton sean c,159396821000586,CHIEF EXECUTIVE OFFICER,male,11936679.0
44507.0,,351817,"silverbow resources, inc.",true,false,false,false,20210225,wampler charles w,159396821000615,,male,11936679.0
44507.0,,351817,"silverbow resources, inc.",true,false,false,false,20210225,ellisor gabriel l,159396821000613,,male,11936679.0
44507.0,,351817,"silverbow resources, inc.",true,false,false,false,20210225,duginski michael,159396821000610,,male,11936679.0
82640.0,,351817,"silverbow resources, inc.",false,true,false,false,20210226,abundis christopher m,159396821000679,"EVP, CFO, GC &amp; SECY",male,11936679.0
259523.0,,351817,"silverbow resources, inc.",true,true,false,false,20210226,woolverton sean c,159396821000681,CHIEF EXECUTIVE OFFICER,male,11936679.0
132113.0,,351817,"silverbow resources, inc.",false,true,false,false,20210226,adam steven w,159396821000683,EVP and COO,male,11936679.0
50571.0,,351817,"silverbow resources, inc.",true,false,false,false,20210226,rowland marcus c,159396821000684,,male,11936679.0
77296.0,,351817,"silverbow resources, inc.",false,true,false,false,20210302,abundis christopher m,159396821000709,"EVP, CFO, GC &amp; SECY",male,11936679.0
124832.0,,351817,"silverbow resources, inc.",false,true,false,false,20210302,adam steven w,159396821000710,EVP and COO,male,11936679.0
242900.0,,351817,"silverbow resources, inc.",true,true,false,false,20210302,woolverton sean c,159396821000711,CHIEF EXECUTIVE OFFICER,male,11936679.0
238188.0,,351817,"silverbow resources, inc.",true,true,false,false,20210303,woolverton sean c,159396821000778,CHIEF EXECUTIVE OFFICER,male,11936679.0
76162.0,,351817,"silverbow resources, inc.",false,true,false,false,20210309,abundis christopher m,159396821000871,"EVP, CFO, GC &amp; SECY",male,11936679.0
234322.0,,351817,"silverbow resources, inc.",true,true,false,false,20210309,woolverton sean c,159396821000872,CHIEF EXECUTIVE OFFICER,male,11936679.0
123112.0,,351817,"silverbow resources, inc.",false,true,false,false,20210309,adam steven w,159396821000870,EVP and COO,male,11936679.0
13117.0,,351817,"silverbow resources, inc.",0,1,0,0,20210310,schultz william eric,180624221000001,Controller,male,11936679.0
119956.0,,351817,"silverbow resources, inc.",false,true,false,false,20210324,adam steven w,159396821001006,EVP and COO,male,11936679.0
35571.0,,351817,"silverbow resources, inc.",true,false,false,false,20210511,rowland marcus c,159396821001280,,male,12196498.0
39507.0,,351817,"silverbow resources, inc.",true,false,false,false,20210511,ellisor gabriel l,159396821001281,,male,12196498.0
39507.0,,351817,"silverbow resources, inc.",true,false,false,false,20210512,wampler charles w,159396821001294,,male,12196498.0
66162.0,,351817,"silverbow resources, inc.",false,true,false,false,20210628,abundis christopher m,159396821001704,"EVP, CFO, GC &amp; SECY",male,12196498.0
114956.0,,351817,"silverbow resources, inc.",false,true,false,false,20210630,adam steven w,159396821001725,EVP and COO,male,12196978.0
46869.0,,351817,"silverbow resources, inc.",true,false,false,false,20220224,wampler charles w,159396822000528,,male,16631175.0
46869.0,,351817,"silverbow resources, inc.",true,false,false,false,20220224,ellisor gabriel l,159396822000529,,male,16631175.0
51869.0,,351817,"silverbow resources, inc.",true,false,false,false,20220224,duginski michael,159396822000530,,male,16631175.0
46279.0,,351817,"silverbow resources, inc.",true,false,false,false,20220224,rowland marcus c,159396822000531,,male,16631175.0
76690.0,6284.0,351817,"silverbow resources, inc.",false,true,false,false,20220225,adam steven w,159396822000562,EVP and COO,male,16631175.0
90966.0,,351817,"silverbow resources, inc.",false,true,false,false,20220225,abundis christopher m,159396822000563,"EVP, CFO, GC &amp; SECY",male,16631175.0
311434.0,,351817,"silverbow resources, inc.",true,true,false,false,20220225,woolverton sean c,159396822000564,CHIEF EXECUTIVE OFFICER,male,16631175.0
97328.0,6284.0,351817,"silverbow resources, inc.",false,true,false,false,20220228,adam steven w,159396822000570,EVP and COO,male,16631175.0
85793.0,,351817,"silverbow resources, inc.",false,true,false,false,20220228,abundis christopher m,159396822000571,"EVP, CFO, GC &amp; SECY",male,16631175.0
284773.0,,351817,"silverbow resources, inc.",true,true,false,false,20220228,woolverton sean c,159396822000572,CHIEF EXECUTIVE OFFICER,male,16631175.0
277157.0,,351817,"silverbow resources, inc.",true,true,false,false,20220302,woolverton sean c,159396822000598,CHIEF EXECUTIVE OFFICER,male,16631175.0
92524.0,6284.0,351817,"silverbow resources, inc.",false,true,false,false,20220302,adam steven w,159396822000599,EVP and COO,male,16631175.0
83906.0,,351817,"silverbow resources, inc.",false,true,false,false,20220307,abundis christopher m,159396822000655,"EVP, CFO, GC &amp; SECY",male,16631175.0
96936.0,6284.0,351817,"silverbow resources, inc.",false,true,false,false,20220307,adam steven w,159396822000656,EVP and COO,male,16631175.0
,,351817,"silverbow resources, inc.",false,false,false,true,20220307,schultz william eric,159396822000653,,male,16631175.0
28279.0,,351817,"silverbow resources, inc.",true,false,false,false,20220307,rowland marcus c,159396822000652,,male,16631175.0
270721.0,,351817,"silverbow resources, inc.",true,true,false,false,20220307,woolverton sean c,159396822000654,CHIEF EXECUTIVE OFFICER,male,16631175.0
41583.0,,351817,"silverbow resources, inc.",true,false,false,false,20220309,ellisor gabriel l,159396822000699,,male,16631175.0
91936.0,6284.0,351817,"silverbow resources, inc.",false,true,false,false,20220309,adam steven w,159396822000700,EVP and COO,male,16631175.0
269635.0,,351817,"silverbow resources, inc.",true,true,false,false,20220309,woolverton sean c,159396822000701,CHIEF EXECUTIVE OFFICER,male,16631175.0
,,351817,"silverbow resources, inc.",false,false,false,true,20220310,schultz william eric,159396822000705,,male,16631175.0
36869.0,,351817,"silverbow resources, inc.",true,false,false,false,20220310,ellisor gabriel l,159396822000706,,male,16631175.0
260721.0,,351817,"silverbow resources, inc.",true,true,false,false,20220311,woolverton sean c,159396822000743,CHIEF EXECUTIVE OFFICER,male,16631175.0
36869.0,,351817,"silverbow resources, inc.",true,false,false,false,20220314,wampler charles w,159396822000744,,male,16631175.0
100035.0,6284.0,351817,"silverbow resources, inc.",false,true,false,false,20220323,adam steven w,159396822000777,EVP and COO,male,16631175.0
90035.0,6284.0,351817,"silverbow resources, inc.",false,true,false,false,20220328,adam steven w,159396822000781,EVP and COO,male,16631175.0
250721.0,,351817,"silverbow resources, inc.",true,true,false,false,20220330,woolverton sean c,159396822000785,CHIEF EXECUTIVE OFFICER,male,16631175.0
80035.0,6284.0,351817,"silverbow resources, inc.",false,true,false,false,20220415,adam steven w,159396822000872,EVP and COO,male,16812851.0
240721.0,,351817,"silverbow resources, inc.",true,true,false,false,20220415,woolverton sean c,159396822000873,CHIEF EXECUTIVE OFFICER,male,16812851.0
18279.0,,351817,"silverbow resources, inc.",true,false,false,false,20220601,rowland marcus c,159396822001055,,male,16850478.0
3281356.0,,351817,"silverbow resources, inc.",0,0,1,0,20220712,"kimmeridge energy management company, llc",90266422003585,,male,22306690.0
27395.0,,351817,"silverbow resources, inc.",true,false,false,false,20220817,ellisor gabriel l,159396822001345,,male,22306506.0
31869.0,,351817,"silverbow resources, inc.",true,false,false,false,20220824,wampler charles w,159396822001380,,male,22306506.0
,,351817,"silverbow resources, inc.",1,0,0,0,20230222,wampler charles w,35181723000019,,male,22309740.0
,,351817,"silverbow resources, inc.",1,0,0,0,20230222,rowland marcus c,35181723000017,,male,22309740.0
,,351817,"silverbow resources, inc.",1,0,0,0,20230222,duginski michael,35181723000009,,male,22309740.0
,,351817,"silverbow resources, inc.",1,0,0,0,20230222,ellisor gabriel l,35181723000011,,male,22309740.0
,,351817,"silverbow resources, inc.",1,0,0,0,20230222,grigsby jennifer m,35181723000013,,female,22309740.0
,,351817,"silverbow resources, inc.",1,0,0,0,20230222,mcallister kathleen s,35181723000015,,female,22309740.0
,,351817,"silverbow resources, inc.",0,1,0,0,20230223,adam steven w,35181723000023,EVP and COO,male,22309740.0
,,351817,"silverbow resources, inc.",1,1,0,0,20230223,woolverton sean c,35181723000025,CEO,male,22309740.0
,,351817,"silverbow resources, inc.",0,1,0,0,20230223,abundis christopher m,35181723000021,"EVP, CFO, GC & Sec'y",male,22309740.0
,,351817,"silverbow resources, inc.",0,1,0,0,20230227,schultz william eric,35181723000027,Controller,male,22309740.0
,,351817,"silverbow resources, inc.",0,1,0,0,20230228,schultz william eric,35181723000028,Controller,male,22309740.0
,,351817,"silverbow resources, inc.",0,1,0,0,20230302,adam steven w,35181723000033,EVP and COO,male,22309740.0
,,351817,"silverbow resources, inc.",0,1,0,0,20230302,abundis christopher m,35181723000034,"EVP, CFO & GC",male,22309740.0
,,351817,"silverbow resources, inc.",1,1,0,0,20230302,woolverton sean c,35181723000035,CEO,male,22309740.0
,,351817,"silverbow resources, inc.",0,1,0,0,20230310,schultz william eric,35181723000036,VP - Acct and Controller,male,22309740.0
,,351817,"silverbow resources, inc.",0,1,0,0,20230403,schultz william eric,35181723000052,VP - Acct and Controller,male,22602018.0
,,351817,"silverbow resources, inc.",1,0,0,0,20230518,rowland marcus c,35181723000074,,male,22616736.0
,,351817,"silverbow resources, inc.",1,0,0,0,20230918,rowland marcus c,35181723000090,,male,22617842.0
,,351817,"silverbow resources, inc.",1,0,0,0,20231114,ellisor gabriel l,35181723000097,,male,25429610.0
,,351817,"silverbow resources, inc.",1,0,0,0,20231117,rowland marcus c,35181723000099,,male,25429610.0
,,351817,"silverbow resources, inc.",1,0,0,0,20231129,desanctis ellen,35181723000106,,female,25429610.0
,,351817,"silverbow resources, inc.",1,0,0,0,20240222,grigsby jennifer m,35181724000004,,female,25429610.0
,,351817,"silverbow resources, inc.",1,0,0,0,20240222,desanctis ellen,35181724000002,,female,25429610.0
,,351817,"silverbow resources, inc.",1,0,0,0,20240222,duginski michael,35181724000003,,male,25429610.0
,,351817,"silverbow resources, inc.",1,0,0,0,20240222,ellisor gabriel l,35181724000005,,male,25429610.0
,,351817,"silverbow resources, inc.",1,0,0,0,20240222,rowland marcus c,35181724000007,,male,25429610.0
,,351817,"silverbow resources, inc.",1,0,0,0,20240222,wampler charles w,35181724000008,,male,25429610.0
,,351817,"silverbow resources, inc.",0,1,0,0,20240222,abundis christopher m,35181724000009,"EVP, CFO & GC",male,25429610.0
,,351817,"silverbow resources, inc.",0,1,0,0,20240222,adam steven w,35181724000010,EVP and COO,male,25429610.0
,,351817,"silverbow resources, inc.",1,1,0,0,20240222,woolverton sean c,35181724000011,CEO,male,25429610.0
,,351817,"silverbow resources, inc.",1,0,0,0,20240222,mcallister kathleen s,35181724000006,,female,25429610.0
,,351817,"silverbow resources, inc.",0,1,0,0,20240304,abundis christopher m,35181724000035,"EVP, CFO & GC",male,25429610.0
,,351817,"silverbow resources, inc.",0,1,0,0,20240304,adam steven w,35181724000029,EVP and COO,male,25429610.0
,,351817,"silverbow resources, inc.",0,1,0,0,20240304,schultz william eric,35181724000031,VP - Acct and Controller,male,25429610.0
,,351817,"silverbow resources, inc.",1,1,0,0,20240304,woolverton sean c,35181724000033,CEO,male,25429610.0
,,351817,"silverbow resources, inc.",0,1,0,0,20240328,schultz william eric,35181724000061,VP - Acct and Controller,male,25429610.0
,,351817,"silverbow resources, inc.",1,0,0,0,20240328,jourdan leland,35181724000065,,male,25429610.0
,,351817,"silverbow resources, inc.",0,1,0,0,20240402,schultz william eric,35181724000067,VP - Acct and Controller,male,25523808.0
,,351817,"silverbow resources, inc.",0,0,1,0,20240621,"kimmeridge energy management company, llc",90266424004439,,male,25538487.0
,,351817,"silverbow resources, inc.",1,1,0,0,20240730,woolverton sean c,35181724000107,CEO,male,25538487.0
,,351817,"silverbow resources, inc.",1,0,0,0,20240730,desanctis ellen,35181724000106,,female,25538487.0
,,351817,"silverbow resources, inc.",1,0,0,0,20240730,duginski michael,35181724000105,,male,25538487.0
,,351817,"silverbow resources, inc.",1,0,0,0,20240730,ellisor gabriel l,35181724000104,,male,25538487.0
,,351817,"silverbow resources, inc.",1,0,0,0,20240730,grigsby jennifer m,35181724000103,,female,25538487.0
,,351817,"silverbow resources, inc.",0,1,0,0,20240730,abundis christopher m,35181724000109,"EVP, CFO & GC",male,25538487.0
,,351817,"silverbow resources, inc.",1,0,0,0,20240730,mcallister kathleen s,35181724000101,,female,25538487.0
,,351817,"silverbow resources, inc.",1,0,0,0,20240730,rowland marcus c,35181724000100,,male,25538487.0
,,351817,"silverbow resources, inc.",1,0,0,0,20240730,wampler charles w,35181724000099,,male,25538487.0
,,351817,"silverbow resources, inc.",0,1,0,0,20240730,schultz william eric,35181724000098,VP - Acct and Controller,male,25538487.0
,,351817,"silverbow resources, inc.",1,0,0,0,20240730,jourdan leland,35181724000102,,male,25538487.0
,,351817,"silverbow resources, inc.",0,1,0,0,20240730,adam steven w,35181724000108,EVP and COO,male,25538487.0
